{
    "devices": [
        {
            "manufacturerId": "HDKJ",
            "manufacturerName": "HDKJ",
            "model":  "HD86",
            "protocolType": "CoAP",
            "deviceType": "WaterMeter",
            "serviceTypeCapabilities": [
		{
                    "serviceId": "Meter",
                    "serviceType": "Meter",
                    "option": "Mandatory"
                },
                {
                    "serviceId": "WaterMeter",
                    "serviceType": "WaterMeter",
                    "option": "Master"
                }
            ]
        }
    ]
}