{
    "specVersion":"1.0",
    "fileName":"iot",
    "version":"1.0.0",
    "deviceType":"WaterMeter",
    "manufacturerName":"HDKJ",
    "model":"HD86",
    "description":"NB-IOT encode and decode",
    "platform":"linux",
    "packageType":"CIGPlugin",
    "date":"2018-03-20 17:04:59",
    "ignoreList":[],
    "bundles":[
    {
        "bundleName": "WaterMeter-HDKJ-HD86",
        "bundleVersion": "1.0.0",
        "priority":5,
        "fileName": "WaterMeter-HDKJ-HD86-1.0.0.jar",
        "bundleDesc":"HDKJ WaterMeter HD86 NB-IOT encode and decode",
        "versionDesc":"Initial version"
    }]
}