{
    "services": [
        {
            "serviceType": "Meter",
            "description": "Meter",
            "commands": null,
            "properties": [
                {
                    "propertyName": "signalStrength",
                    "dataType": "int",
                    "required": true,
                    "min": 0,
                    "max": 100,
                    "step": 0.1,
                    "maxLength": 0,
                    "method": "RE",
                    "unit": "dbm",
                    "enumList": null
                },
                {
                    "propertyName": "batteryLevel",
                    "dataType": "int",
                    "required": true,
                    "min": 0,
                    "max": 100,
                    "step": 0.1,
                    "maxLength": 0,
                    "method": "RE",
                    "unit": "%",
                    "enumList": null
                }
            ]
        }
    ]
}