{
    "services": [
        {
            "serviceType": "WaterMeter",
            "description": "WaterMeter",
            "commands": [
                {
                    "commandName": "GENERAL_CMD",
                    "paras": [
                        {
                            "paraName": "command",
                            "dataType": "string",
                            "required": true,
                            "min": null,
                            "max": null,
                            "step": 1,
                            "maxLength": 512,
                            "unit": null,
                            "enumList": null
                        }
                    ],
                    "responses": [
                        {
                            "responseName": "GENERAL_CMD_RSP",
                            "paras": [
                                {
                                    "paraName": "result",
                                    "dataType": "int",
                                    "required": true,
                                    "min": -1000000,
                                    "max": 1000000,
                                    "step": 1,
                                    "maxLength": 10,
                                    "unit": null,
                                    "enumList": null
                                }
                            ]
                        }
                    ]
                },
		{
                    "commandName": "SET_GATHER_INTERVAL",
                    "paras": [
                        {
                            "paraName": "interval",
                            "dataType": "int",
                            "required": true,
                            "min": 1,
                            "max": 100000,
                            "step": 1,
                            "maxLength": 512,
                            "unit": "min",
                            "enumList": null
                        }
                    ],
                    "responses": [
                        {
                            "responseName": "SET_GATHER_INTERVAL_RSP",
                            "paras": [
                                {
                                    "paraName": "result",
                                    "dataType": "int",
                                    "required": true,
                                    "min": -1000000,
                                    "max": 1000000,
                                    "step": 1,
                                    "maxLength": 10,
                                    "unit": null,
                                    "enumList": null
                                }
                            ]
                        }
                    ]
                },
		{
                    "commandName": "SET_REPORT_FREQ_VAL",
                    "paras": [
                        {
                            "paraName": "freqVal",
                            "dataType": "int",
                            "required": true,
                            "min": 1,
                            "max": 100000,
                            "step": 1,
                            "maxLength": 512,
                            "unit": "min",
                            "enumList": null
                        },
			{
                            "paraName": "ramVal",
                            "dataType": "string",
                            "required": true,
                            "min": 1,
                            "max": 100000,
                            "step": 1,
                            "maxLength": 512,
                            "unit": null,
                            "enumList": null
                        }
                    ],
                    "responses": [
                        {
                            "responseName": "SET_REPORT_FREQ_VAL_RSP",
                            "paras": [
                                {
                                    "paraName": "result",
                                    "dataType": "int",
                                    "required": true,
                                    "min": -1000000,
                                    "max": 1000000,
                                    "step": 1,
                                    "maxLength": 10,
                                    "unit": null,
                                    "enumList": null
                                }
                            ]
                        }
                    ]
                },
		{
                    "commandName": "SET_SERVER_IP_PORT",
                    "paras": [
                        {
                            "paraName": "ip",
                            "dataType": "string",
                            "required": true,
                            "min": null,
                            "max": null,
                            "step": 1,
                            "maxLength": 128,
                            "unit": null,
                            "enumList": null
                        },
                        {
                            "paraName": "port",
                            "dataType": "string",
                            "required": true,
                            "min": null,
                            "max": null,
                            "step": 1,
                            "maxLength": 128,
                            "unit": null,
                            "enumList": null
                        }
                    ],
                    "responses": [
                        {
                            "responseName": "SET_SERVER_IP_PORT_RSP",
                            "paras": [
                                {
                                    "paraName": "result",
                                    "dataType": "int",
                                    "required": true,
                                    "min": -1000000,
                                    "max": 1000000,
                                    "step": 1,
                                    "maxLength": 10,
                                    "unit": null,
                                    "enumList": null
                                }
                            ]
                        }
                    ]
                },
                {
                    "commandName": "SET_APN",
                    "paras": [
                        {
                            "paraName": "apn",
                            "dataType": "string",
                            "required": true,
                            "min": null,
                            "max": null,
                            "step": 1,
                            "maxLength": 128,
                            "unit": null,
                            "enumList": null
                        }
                    ],
                    "responses": [
                        {
                            "responseName": "SET_APN_RSP",
                            "paras": [
                                {
                                    "paraName": "result",
                                    "dataType": "int",
                                    "required": true,
                                    "min": -1000000,
                                    "max": 1000000,
                                    "step": 1,
                                    "maxLength": 10,
                                    "unit": null,
                                    "enumList": null
                                }
                            ]
                        }
                    ]
                },
                {
                    "commandName": "SET_LIMIT_ANALOG1",
                    "paras": [
                        {
                            "paraName": "upLimit",
                            "dataType": "string",
                            "required": true,
                            "min": null,
                            "max": null,
                            "step": 1,
                            "maxLength": 10,
                            "unit": null,
                            "enumList": null
                        },
			{
                            "paraName": "downLimit",
                            "dataType": "string",
                            "required": true,
                            "min": null,
                            "max": null,
                            "step": 1,
                            "maxLength": 10,
                            "unit": null,
                            "enumList": null
                        }
                    ],
                    "responses": [
                        {
                            "responseName": "SET_LIMIT_ANALOG1_RSP",
                            "paras": [
                                {
                                    "paraName": "result",
                                    "dataType": "int",
                                    "required": true,
                                    "min": -1000000,
                                    "max": 1000000,
                                    "step": 1,
                                    "maxLength": 10,
                                    "unit": null,
                                    "enumList": null
                                }
                            ]
                        }
                    ]
                },
                {
                    "commandName": "SET_LIMIT_ANALOG2",
                    "paras": [
                        {
                            "paraName": "upLimit",
                            "dataType": "string",
                            "required": true,
                            "min": null,
                            "max": null,
                            "step": 1,
                            "maxLength": 10,
                            "unit": null,
                            "enumList": null
                        },
			{
                            "paraName": "downLimit",
                            "dataType": "string",
                            "required": true,
                            "min": null,
                            "max": null,
                            "step": 1,
                            "maxLength": 10,
                            "unit": null,
                            "enumList": null
                        }
                    ],
                    "responses": [
                        {
                            "responseName": "SET_LIMIT_ANALOG1_RSP",
                            "paras": [
                                {
                                    "paraName": "result",
                                    "dataType": "int",
                                    "required": true,
                                    "min": -1000000,
                                    "max": 1000000,
                                    "step": 1,
                                    "maxLength": 10,
                                    "unit": null,
                                    "enumList": null
                                }
                            ]
                        }
                    ]
                },
		{
                    "commandName": "GET_CONFIG",
                    "paras": null,
                    "responses": [
                        {
                            "responseName": "GET_CONFIG_RSP",
                            "paras": [
                                {
                                    "paraName": "interval",
                                    "dataType": "int",
                                    "required": true,
                                    "min": null,
                                    "max": null,
                                    "step": 1,
                                    "maxLength": 10,
                                    "unit": "min",
                                    "enumList": null
                                },
                                {
                                    "paraName": "freqVal",
                                    "dataType": "int",
                                    "required": true,
                                    "min": null,
                                    "max": null,
                                    "step": 1,
                                    "maxLength": 10,
                                    "unit": null,
                                    "enumList": null
                                },
                                {
                                    "paraName": "ramVal",
                                    "dataType": "string",
                                    "required": true,
                                    "min": null,
                                    "max": null,
                                    "step": 1,
                                    "maxLength": 128,
                                    "unit": null,
                                    "enumList": null
                                },
                                {
                                    "paraName": "ip",
                                    "dataType": "string",
                                    "required": true,
                                    "min": null,
                                    "max": null,
                                    "step": 1,
                                    "maxLength": 128,
                                    "unit": null,
                                    "enumList": null
                                },
                                {
                                    "paraName": "port",
                                    "dataType": "string",
                                    "required": true,
                                    "min": null,
                                    "max": null,
                                    "step": 1,
                                    "maxLength": 128,
                                    "unit": null,
                                    "enumList": null
                                },
                                {
                                    "paraName": "apn",
                                    "dataType": "string",
                                    "required": true,
                                    "min": null,
                                    "max": null,
                                    "step": 1,
                                    "maxLength": 128,
                                    "unit": null,
                                    "enumList": null
                                },
                                {
                                    "paraName": "highFlowAlarm",
                                    "dataType": "int",
                                    "required": true,
                                    "min": 1,
                                    "max": 0,
                                    "step": 1,
                                    "maxLength": 10,
                                    "unit": "L",
                                    "enumList": null
                                },
                                {
                                    "paraName": "upLimit_1",
                                    "dataType": "string",
                                    "required": true,
                                    "min": 1,
                                    "max": 0,
                                    "step": 1,
                                    "maxLength": 10,
                                    "unit": "L",
                                    "enumList": null
                                },
                                {
                                    "paraName": "upLimit_2",
                                    "dataType": "string",
                                    "required": true,
                                    "min": 1,
                                    "max": 0,
                                    "step": 1,
                                    "maxLength": 10,
                                    "unit": "L",
                                    "enumList": null
                                },
                                {
                                    "paraName": "downLimit_1",
                                    "dataType": "string",
                                    "required": true,
                                    "min": 1,
                                    "max": 0,
                                    "step": 1,
                                    "maxLength": 10,
                                    "unit": "L",
                                    "enumList": null
                                },
                                {
                                    "paraName": "downLimit_2",
                                    "dataType": "string",
                                    "required": true,
                                    "min": 1,
                                    "max": 0,
                                    "step": 1,
                                    "maxLength": 10,
                                    "unit": "L",
                                    "enumList": null
                                }
                            ]
                        }
                    ]
                }
            ],
            "properties": [
                {
                    "propertyName": "source",
                    "dataType": "string",
                    "required": true,
                    "min": 0,
                    "max": 0,
                    "step": 0,
                    "maxLength": 1024,
                    "method": "RE",
                    "unit": null,
                    "enumList": null
                },
		{
                    "propertyName": "address",
                    "dataType": "string",
                    "required": true,
                    "min": null,
                    "max": null,
                    "step": 0,
                    "maxLength": 128,
                    "method": "RE",
                    "unit": null,
                    "enumList": null
                },
		{
                    "propertyName": "interval",
                    "dataType": "int",
                    "required": true,
                    "min": null,
                    "max": null,
                    "step": 0,
                    "maxLength": 10,
                    "method": "RE",
                    "unit": null,
                    "enumList": null
                },
		{
                    "propertyName": "points",
                    "dataType": "int",
                    "required": true,
                    "min": null,
                    "max": null,
                    "step": 0,
                    "maxLength": 10,
                    "method": "RE",
                    "unit": null,
                    "enumList": null
                },
		{
                    "propertyName": "timeOfStarting",
                    "dataType": "string",
                    "required": true,
                    "min": null,
                    "max": null,
                    "step": 0,
                    "maxLength": 128,
                    "method": "RE",
                    "unit": null,
                    "enumList": null
                },
		{
                    "propertyName": "P1",
                    "dataType": "list<double>",
                    "required": false,
                    "min": null,
                    "max": null,
                    "step": 0.1,
                    "maxLength": null,
                    "method": "RE",
                    "unit": null,
                    "enumList": null
                },
		{
                    "propertyName": "P2",
                    "dataType": "list<double>",
                    "required": false,
                    "min": null,
                    "max": null,
                    "step": 0.1,
                    "maxLength": null,
                    "method": "RE",
                    "unit": null,
                    "enumList": null
                },
		{
                    "propertyName": "P3",
                    "dataType": "list<double>",
                    "required": false,
                    "min": null,
                    "max": null,
                    "step": 0.1,
                    "maxLength": null,
                    "method": "RE",
                    "unit": null,
                    "enumList": null
                },
		{
                    "propertyName": "P4",
                    "dataType": "list<double>",
                    "required": false,
                    "min": null,
                    "max": null,
                    "step": 0.1,
                    "maxLength": null,
                    "method": "RE",
                    "unit": null,
                    "enumList": null
                },
		{
                    "propertyName": "P5",
                    "dataType": "list<double>",
                    "required": false,
                    "min": null,
                    "max": null,
                    "step": 0.1,
                    "maxLength": null,
                    "method": "RE",
                    "unit": null,
                    "enumList": null
                },
		{
                    "propertyName": "P6",
                    "dataType": "list<double>",
                    "required": false,
                    "min": null,
                    "max": null,
                    "step": 0.1,
                    "maxLength": null,
                    "method": "RE",
                    "unit": null,
                    "enumList": null
                },
		{
                    "propertyName": "P7",
                    "dataType": "list<double>",
                    "required": false,
                    "min": null,
                    "max": null,
                    "step": 0.1,
                    "maxLength": null,
                    "method": "RE",
                    "unit": null,
                    "enumList": null
                },
		{
                    "propertyName": "P8",
                    "dataType": "list<double>",
                    "required": false,
                    "min": null,
                    "max": null,
                    "step": 0.1,
                    "maxLength": null,
                    "method": "RE",
                    "unit": null,
                    "enumList": null
                },
		{
                    "propertyName": "P9",
                    "dataType": "list<double>",
                    "required": false,
                    "min": null,
                    "max": null,
                    "step": 0.1,
                    "maxLength": null,
                    "method": "RE",
                    "unit": null,
                    "enumList": null
                },
		{
                    "propertyName": "P10",
                    "dataType": "list<double>",
                    "required": false,
                    "min": null,
                    "max": null,
                    "step": 0.1,
                    "maxLength": null,
                    "method": "RE",
                    "unit": null,
                    "enumList": null
                },
		{
                    "propertyName": "P11",
                    "dataType": "list<double>",
                    "required": false,
                    "min": null,
                    "max": null,
                    "step": 0.1,
                    "maxLength": null,
                    "method": "RE",
                    "unit": null,
                    "enumList": null
                },
		{
                    "propertyName": "P12",
                    "dataType": "list<double>",
                    "required": false,
                    "min": null,
                    "max": null,
                    "step": 0.1,
                    "maxLength": null,
                    "method": "RE",
                    "unit": null,
                    "enumList": null
                },
		{
                    "propertyName": "P13",
                    "dataType": "list<double>",
                    "required": false,
                    "min": null,
                    "max": null,
                    "step": 0.1,
                    "maxLength": null,
                    "method": "RE",
                    "unit": null,
                    "enumList": null
                },
		{
                    "propertyName": "P14",
                    "dataType": "list<double>",
                    "required": false,
                    "min": null,
                    "max": null,
                    "step": 0.1,
                    "maxLength": null,
                    "method": "RE",
                    "unit": null,
                    "enumList": null
                },
		{
                    "propertyName": "P15",
                    "dataType": "list<double>",
                    "required": false,
                    "min": null,
                    "max": null,
                    "step": 0.1,
                    "maxLength": null,
                    "method": "RE",
                    "unit": null,
                    "enumList": null
                },
		{
                    "propertyName": "P16",
                    "dataType": "list<double>",
                    "required": false,
                    "min": null,
                    "max": null,
                    "step": 0.1,
                    "maxLength": null,
                    "method": "RE",
                    "unit": null,
                    "enumList": null
                },
		{
                    "propertyName": "A1",
                    "dataType": "list<double>",
                    "required": false,
                    "min": null,
                    "max": null,
                    "step": 0.1,
                    "maxLength": null,
                    "method": "RE",
                    "unit": null,
                    "enumList": null
                },
		{
                    "propertyName": "A2",
                    "dataType": "list<double>",
                    "required": false,
                    "min": null,
                    "max": null,
                    "step": 0.1,
                    "maxLength": null,
                    "method": "RE",
                    "unit": null,
                    "enumList": null
                },
		{
                    "propertyName": "A3",
                    "dataType": "list<double>",
                    "required": false,
                    "min": null,
                    "max": null,
                    "step": 0.1,
                    "maxLength": null,
                    "method": "RE",
                    "unit": null,
                    "enumList": null
                },
		{
                    "propertyName": "A4",
                    "dataType": "list<double>",
                    "required": false,
                    "min": null,
                    "max": null,
                    "step": 0.1,
                    "maxLength": null,
                    "method": "RE",
                    "unit": null,
                    "enumList": null
                },
		{
                    "propertyName": "A5",
                    "dataType": "list<double>",
                    "required": false,
                    "min": null,
                    "max": null,
                    "step": 0.1,
                    "maxLength": null,
                    "method": "RE",
                    "unit": null,
                    "enumList": null
                },
		{
                    "propertyName": "A6",
                    "dataType": "list<double>",
                    "required": false,
                    "min": null,
                    "max": null,
                    "step": 0.1,
                    "maxLength": null,
                    "method": "RE",
                    "unit": null,
                    "enumList": null
                },
		{
                    "propertyName": "A7",
                    "dataType": "list<double>",
                    "required": false,
                    "min": null,
                    "max": null,
                    "step": 0.1,
                    "maxLength": null,
                    "method": "RE",
                    "unit": null,
                    "enumList": null
                },
		{
                    "propertyName": "A8",
                    "dataType": "list<double>",
                    "required": false,
                    "min": null,
                    "max": null,
                    "step": 0.1,
                    "maxLength": null,
                    "method": "RE",
                    "unit": null,
                    "enumList": null
                },
		{
                    "propertyName": "A9",
                    "dataType": "list<double>",
                    "required": false,
                    "min": null,
                    "max": null,
                    "step": 0.1,
                    "maxLength": null,
                    "method": "RE",
                    "unit": null,
                    "enumList": null
                },
		{
                    "propertyName": "A10",
                    "dataType": "list<double>",
                    "required": false,
                    "min": null,
                    "max": null,
                    "step": 0.1,
                    "maxLength": null,
                    "method": "RE",
                    "unit": null,
                    "enumList": null
                },
		{
                    "propertyName": "A11",
                    "dataType": "list<double>",
                    "required": false,
                    "min": null,
                    "max": null,
                    "step": 0.1,
                    "maxLength": null,
                    "method": "RE",
                    "unit": null,
                    "enumList": null
                },
		{
                    "propertyName": "A12",
                    "dataType": "list<double>",
                    "required": false,
                    "min": null,
                    "max": null,
                    "step": 0.1,
                    "maxLength": null,
                    "method": "RE",
                    "unit": null,
                    "enumList": null
                },
		{
                    "propertyName": "A13",
                    "dataType": "list<double>",
                    "required": false,
                    "min": null,
                    "max": null,
                    "step": 0.1,
                    "maxLength": null,
                    "method": "RE",
                    "unit": null,
                    "enumList": null
                },
		{
                    "propertyName": "A14",
                    "dataType": "list<double>",
                    "required": false,
                    "min": null,
                    "max": null,
                    "step": 0.1,
                    "maxLength": null,
                    "method": "RE",
                    "unit": null,
                    "enumList": null
                },
		{
                    "propertyName": "A15",
                    "dataType": "list<double>",
                    "required": false,
                    "min": null,
                    "max": null,
                    "step": 0.1,
                    "maxLength": null,
                    "method": "RE",
                    "unit": null,
                    "enumList": null
                },
		{
                    "propertyName": "A16",
                    "dataType": "list<double>",
                    "required": false,
                    "min": null,
                    "max": null,
                    "step": 0.1,
                    "maxLength": null,
                    "method": "RE",
                    "unit": null,
                    "enumList": null
                },
		{
                    "propertyName": "K1",
                    "dataType": "list<int>",
                    "required": false,
                    "min": 0,
                    "max": 1,
                    "step": 0.1,
                    "maxLength": null,
                    "method": "RE",
                    "unit": null,
                    "enumList": null
                },
		{
                    "propertyName": "K2",
                    "dataType": "list<int>",
                    "required": false,
                    "min": 0,
                    "max": 1,
                    "step": 0.1,
                    "maxLength": null,
                    "method": "RE",
                    "unit": null,
                    "enumList": null
                },
		{
                    "propertyName": "K3",
                    "dataType": "list<int>",
                    "required": false,
                    "min": 0,
                    "max": 1,
                    "step": 0.1,
                    "maxLength": null,
                    "method": "RE",
                    "unit": null,
                    "enumList": null
                },
		{
                    "propertyName": "K4",
                    "dataType": "list<int>",
                    "required": false,
                    "min": 0,
                    "max": 1,
                    "step": 0.1,
                    "maxLength": null,
                    "method": "RE",
                    "unit": null,
                    "enumList": null
                },
		{
                    "propertyName": "K5",
                    "dataType": "list<int>",
                    "required": false,
                    "min": 0,
                    "max": 1,
                    "step": 0.1,
                    "maxLength": null,
                    "method": "RE",
                    "unit": null,
                    "enumList": null
                },
		{
                    "propertyName": "K6",
                    "dataType": "list<int>",
                    "required": false,
                    "min": 0,
                    "max": 1,
                    "step": 0.1,
                    "maxLength": null,
                    "method": "RE",
                    "unit": null,
                    "enumList": null
                },
		{
                    "propertyName": "K7",
                    "dataType": "list<int>",
                    "required": false,
                    "min": 0,
                    "max": 1,
                    "step": 0.1,
                    "maxLength": null,
                    "method": "RE",
                    "unit": null,
                    "enumList": null
                },
		{
                    "propertyName": "K8",
                    "dataType": "list<int>",
                    "required": false,
                    "min": 0,
                    "max": 1,
                    "step": 0.1,
                    "maxLength": null,
                    "method": "RE",
                    "unit": null,
                    "enumList": null
                },
		{
                    "propertyName": "Q1",
                    "dataType": "int",
                    "required": false,
                    "min": null,
                    "max": null,
                    "step": 0.1,
                    "maxLength": null,
                    "method": "RE",
                    "unit": null,
                    "enumList": null
                },
		{
                    "propertyName": "Q2",
                    "dataType": "int",
                    "required": false,
                    "min": null,
                    "max": null,
                    "step": 0.1,
                    "maxLength": null,
                    "method": "RE",
                    "unit": null,
                    "enumList": null
                },
		{
                    "propertyName": "M1",
                    "dataType": "int",
                    "required": false,
                    "min": null,
                    "max": null,
                    "step": 0.1,
                    "maxLength": null,
                    "method": "RE",
                    "unit": null,
                    "enumList": null
                }
            ]
        }
    ]
}